task_id	commit	status	duration	notes
1.1	7e48cd4	done	3m	backend scaffold created, uvicorn starts clean, swagger docs verified
1.2	b0d686b	done	3m	workspace CRUD endpoints working, all curl checks passed
1.3	ae1e1ac	done	3m	file CRUD + content endpoints working, all curl checks passed
1.4	4c9b94d	done	3m	batch import from path + multipart upload working
1.5	d044bf6	done	2m	integration test script passes 18/18 checks
2.1	ff0bf7e	done	3m	frontend scaffold with routing, API client, placeholder pages
2.2	c750b48	done	3m	dashboard page with workspace cards, create modal, rename/delete
2.3	278398c	done	3m	workspace view with file cards, import modal, new drawing
2.4	cb148a7	done	4m	editor page with Excalidraw, auto-save debounced 1.5s, inline rename
2.5	5739c0c	done	3m	frontend integration test 10/10 checks pass, build succeeds
3.1	1b9dbb2	done	5m	Dockerfiles + nginx.conf created, backend image builds, frontend uses ghcr nginx
3.2	ee9df42	done	2m	docker-compose.yml created, Docker Hub rate limited for build verification
4.1	77ba923	done	3m	export dropdown with .excalidraw, .svg, .png download
4.2	f56491d	done	2m	search bar in WorkspaceView, client-side filter by name
3.3	cbd1650	done	8m	docker compose verified - frontend+backend+nginx proxy, data persists
4.3	64c83c4	done	4m	move/copy endpoints + workspace picker modal in FileCard
